"entry_id","contest_id","contest_name","PG","PG","SG","SG","SF","SF","PF","PF","C","","Instructions"
"1572551195","29468-221576773","100-Player League ($1 - Top 12 Win)","29468-66115","29468-14496","29468-15684","29468-9714","29468-23716","29468-84707","29468-9688","29468-80809","29468-9581","","1) Edit your lineup by inserting any player from this list into their appropriate position columns"
"1572551213","29468-221576773","100-Player League ($1 - Top 12 Win)","29468-66115","29468-9939","29468-9714","29468-9663","29468-9809","29468-23716","29468-9688","29468-80809","29468-9581","","2) You can paste either the Player ID + Name OR ID from their respective columns"
"1572551233","29468-221576773","100-Player League ($1 - Top 12 Win)","29468-14496","29468-19456","29468-15684","29468-9714","29468-23572","29468-23716","29468-9688","29468-80809","29468-15557","","3) Any information to the right of the last position column will be ignored in the upload. Don't leave blank rows. Any entries after a blank row will not be edited"
"1572553293","29468-221576774","100-Player League ($1 - Top 12 Win)","29468-66115","29468-14496","29468-15684","29468-9663","29468-9809","29468-23716","29468-9666","29468-80809","29468-15557","","4) You can not use this form to create new entries"
"1572553296","29468-221576774","100-Player League ($1 - Top 12 Win)","29468-66115","29468-14496","29468-9714","29468-9663","29468-9809","29468-23716","29468-9666","29468-80809","29468-15557",""
"1572553302","29468-221576774","100-Player League ($1 - Top 12 Win)","29468-66115","29468-14496","29468-15684","29468-9714","29468-9809","29468-84707","29468-9666","29468-80809","29468-15557","","Player ID + Player Name","Id","Position","First Name","Nickname","Last Name","FPPG","Played","Salary","Game","Team","Opponent","Injury Indicator","Injury Details","Tier","",""
"1572555462","29468-221537891","$400K Sat NBA Shot ($100K to 1st)","29468-66115","29468-14496","29468-15684","29468-9663","29468-9809","29468-23716","29468-9666","29468-80809","29468-15557","","29468-15755:Anthony Davis","29468-15755","PF","Anthony","Anthony Davis","Davis","67.5250015258789","4","13200","UTA@NO","NO","UTA","O","Elbow","","",""
"1572555465","29468-221537891","$400K Sat NBA Shot ($100K to 1st)","29468-66115","29468-14496","29468-9714","29468-9663","29468-23716","29468-84707","29468-9688","29468-9666","29468-9581","","29468-40199:Giannis Antetokounmpo","29468-40199","SF","Giannis","Giannis Antetokounmpo","Antetokounmpo","57.02000122070312","5","12400","ORL@MIL","MIL","ORL","","","","",""
"1572555472","29468-221537891","$400K Sat NBA Shot ($100K to 1st)","29468-66115","29468-14496","29468-15684","29468-9663","29468-9809","29468-23716","29468-9666","29468-80809","29468-15557","","29468-9488:LeBron James","29468-9488","SF","LeBron","LeBron James","James","54.320001220703126","5","11800","LAL@SA","LAL","SA","","","","",""
"1572555479","29468-221537891","$400K Sat NBA Shot ($100K to 1st)","29468-66115","29468-14496","29468-15684","29468-9663","29468-9809","29468-23716","29468-9666","29468-80809","29468-15557","","29468-49111:Joel Embiid","29468-49111","C","Joel","Joel Embiid","Embiid","57.179998779296874","5","11000","CHA@PHI","PHI","CHA","GTD","Ankle","","",""
"","","","","","","","","","","","","","29468-20848:Damian Lillard","29468-20848","PG","Damian","Damian Lillard","Lillard","49.525001525878906","4","9900","POR@MIA","POR","MIA","","","","",""
"","","","","","","","","","","","","","29468-66115:Ben Simmons","29468-66115","PG","Ben","Ben Simmons","Simmons","42.79999923706055","4","9700","CHA@PHI","PHI","CHA","","","","",""
"","","","","","","","","","","","","","29468-9560:Blake Griffin","29468-9560","PF","Blake","Blake Griffin","Griffin","55.45000076293945","4","9500","BOS@DET","DET","BOS","","","","",""
"","","","","","","","","","","","","","29468-15557:Andre Drummond","29468-15557","C","Andre","Andre Drummond","Drummond","43.54999923706055","4","9300","BOS@DET","DET","BOS","","","","",""
"","","","","","","","","","","","","","29468-9688:LaMarcus Aldridge","29468-9688","PF","LaMarcus","LaMarcus Aldridge","Aldridge","47.25","4","9100","LAL@SA","SA","LAL","","","","",""
"","","","","","","","","","","","","","29468-14507:Kemba Walker","29468-14507","PG","Kemba","Kemba Walker","Walker","44.93333435058594","6","8700","CHA@PHI","CHA","PHI","","","","",""
"","","","","","","","","","","","","","29468-9874:Kevin Love","29468-9874","PF","Kevin","Kevin Love","Love","39.45000076293945","4","8500","IND@CLE","CLE","IND","O","Foot","","",""
"","","","","","","","","","","","","","29468-40783:Zach LaVine","29468-40783","SG","Zach","Zach LaVine","LaVine","39.42000122070313","5","8400","CHI@ATL","CHI","ATL","","","","",""
"","","","","","","","","","","","","","29468-66113:Donovan Mitchell","29468-66113","SG","Donovan","Donovan Mitchell","Mitchell","34.900001525878906","4","8300","UTA@NO","UTA","NO","","","","",""
"","","","","","","","","","","","","","29468-15684:Victor Oladipo","29468-15684","SG","Victor","Victor Oladipo","Oladipo","36.86000061035156","5","8300","IND@CLE","IND","CLE","","","","",""
"","","","","","","","","","","","","","29468-14514:Nikola Vucevic","29468-14514","C","Nikola","Nikola Vucevic","Vucevic","45.07999877929687","5","8200","ORL@MIL","ORL","MIL","","","","",""
"","","","","","","","","","","","","","29468-40203:Rudy Gobert","29468-40203","C","Rudy","Rudy Gobert","Gobert","39.42499923706055","4","8100","UTA@NO","UTA","NO","","","","",""
"","","","","","","","","","","","","","29468-9714:DeMar DeRozan","29468-9714","SG","DeMar","DeMar DeRozan","DeRozan","43.775001525878906","4","8100","LAL@SA","SA","LAL","","","","",""
"","","","","","","","","","","","","","29468-58460:Devin Booker","29468-58460","SG","Devin","Devin Booker","Booker","40.025001525878906","4","8000","PHO@MEM","PHO","MEM","O","Hamstring","","",""
"","","","","","","","","","","","","","29468-12363:Hassan Whiteside","29468-12363","C","Hassan","Hassan Whiteside","Whiteside","36.099998474121094","4","7900","POR@MIA","MIA","POR","","","","",""
"","","","","","","","","","","","","","29468-84673:Deandre Ayton","29468-84673","C","Deandre","Deandre Ayton","Ayton","38.275001525878906","4","7900","PHO@MEM","PHO","MEM","GTD","Ankle","","",""
"","","","","","","","","","","","","","29468-14522:Nikola Mirotic","29468-14522","SF","Nikola","Nikola Mirotic","Mirotic","38.95000076293945","4","7800","UTA@NO","NO","UTA","","","","",""
"","","","","","","","","","","","","","29468-9575:Mike Conley","29468-9575","PG","Mike","Mike Conley","Conley","36.07500076293945","4","7800","PHO@MEM","MEM","PHO","","","","",""
"","","","","","","","","","","","","","29468-12355:Eric Bledsoe","29468-12355","PG","Eric","Eric Bledsoe","Bledsoe","35.279998779296875","5","7700","ORL@MIL","MIL","ORL","","","","",""
"","","","","","","","","","","","","","29468-14498:Kyrie Irving","29468-14498","PG","Kyrie","Kyrie Irving","Irving","30.879998779296876","5","7700","BOS@DET","BOS","DET","","","","",""
"","","","","","","","","","","","","","29468-16261:Khris Middleton","29468-16261","SG","Khris","Khris Middleton","Middleton","37.02000122070312","5","7700","ORL@MIL","MIL","ORL","","","","",""
"","","","","","","","","","","","","","29468-84671:Trae Young","29468-84671","PG","Trae","Trae Young","Young","36.70000076293945","4","7600","CHI@ATL","ATL","CHI","","","","",""
"","","","","","","","","","","","","","29468-9663:Jrue Holiday","29468-9663","SG","Jrue","Jrue Holiday","Holiday","36.099998474121094","4","7600","UTA@NO","NO","UTA","","","","",""
"","","","","","","","","","","","","","29468-41594:Aaron Gordon","29468-41594","PF","Aaron","Aaron Gordon","Gordon","33","5","7500","ORL@MIL","ORL","MIL","","","","",""
"","","","","","","","","","","","","","29468-55057:Jusuf Nurkic","29468-55057","C","Jusuf","Jusuf Nurkic","Nurkic","37.625","4","7500","POR@MIA","POR","MIA","","","","",""
"","","","","","","","","","","","","","29468-19138:Elfrid Payton","29468-19138","PG","Elfrid","Elfrid Payton","Payton","34.900001525878906","4","7400","UTA@NO","NO","UTA","","","","",""
"","","","","","","","","","","","","","29468-9581:Marc Gasol","29468-9581","C","Marc","Marc Gasol","Gasol","32.79999923706055","4","7400","PHO@MEM","MEM","PHO","","","","",""
"","","","","","","","","","","","","","29468-19781:Kent Bazemore","29468-19781","SG","Kent","Kent Bazemore","Bazemore","35.849998474121094","4","7300","CHI@ATL","ATL","CHI","","","","",""
"","","","","","","","","","","","","","29468-23572:Taurean Prince","29468-23572","SF","Taurean","Taurean Prince","Prince","33.625","4","7200","CHI@ATL","ATL","CHI","","","","",""
"","","","","","","","","","","","","","29468-80806:Lonzo Ball","29468-80806","PG","Lonzo","Lonzo Ball","Ball","30.26000061035156","5","7200","LAL@SA","LAL","SA","","","","",""
"","","","","","","","","","","","","","29468-58377:Kyle Kuzma","29468-58377","PF","Kyle","Kyle Kuzma","Kuzma","31.179998779296874","5","7100","LAL@SA","LAL","SA","","","","",""
"","","","","","","","","","","","","","29468-9739:JaVale McGee","29468-9739","C","JaVale","JaVale McGee","McGee","38.2","5","7000","LAL@SA","LAL","SA","","","","",""
"","","","","","","","","","","","","","29468-80808:Jayson Tatum","29468-80808","PF","Jayson","Jayson Tatum","Tatum","34.52000122070312","5","7000","BOS@DET","BOS","DET","","","","",""
"","","","","","","","","","","","","","29468-42669:Julius Randle","29468-42669","C","Julius","Julius Randle","Randle","32.45000076293945","4","6900","UTA@NO","NO","UTA","","","","",""
"","","","","","","","","","","","","","29468-16233:Josh Richardson","29468-16233","SF","Josh","Josh Richardson","Richardson","30.424999237060547","4","6900","POR@MIA","MIA","POR","","","","",""
"","","","","","","","","","","","","","29468-40562:Josh Hart","29468-40562","SG","Josh","Josh Hart","Hart","30.73999938964844","5","6800","LAL@SA","LAL","SA","","","","",""
"","","","","","","","","","","","","","29468-9453:Al Horford","29468-9453","C","Al","Al Horford","Horford","33.16000061035156","5","6800","BOS@DET","BOS","DET","","","","",""
"","","","","","","","","","","","","","29468-23802:Kris Dunn","29468-23802","PG","Kris","Kris Dunn","Dunn","20.299999237060547","1","6800","CHI@ATL","CHI","ATL","O","Knee","","",""
"","","","","","","","","","","","","","29468-42550:Jabari Parker","29468-42550","SF","Jabari","Jabari Parker","Parker","25.2","5","6700","CHI@ATL","CHI","ATL","","","","",""
"","","","","","","","","","","","","","29468-19067:CJ McCollum","29468-19067","SG","CJ","CJ McCollum","McCollum","27.024999618530273","4","6700","POR@MIA","POR","MIA","","","","",""
"","","","","","","","","","","","","","29468-42156:Bobby Portis","29468-42156","PF","Bobby","Bobby Portis","Portis","28.75","4","6600","CHI@ATL","CHI","ATL","O","Knee","","",""
"","","","","","","","","","","","","","29468-14523:Reggie Jackson","29468-14523","PG","Reggie","Reggie Jackson","Jackson","27.325000762939453","4","6600","BOS@DET","DET","BOS","","","","",""
"","","","","","","","","","","","","","29468-66236:John Collins","29468-66236","PF","John","John Collins","Collins","24.930667317708334","75","6600","CHI@ATL","ATL","CHI","O","Ankle","","",""
"","","","","","","","","","","","","","29468-63126:Cedi Osman","29468-63126","SF","Cedi","Cedi Osman","Osman","26.220001220703125","5","6500","IND@CLE","CLE","IND","","","","",""
"","","","","","","","","","","","","","29468-84683:Jaren Jackson Jr.","29468-84683","PF","Jaren","Jaren Jackson Jr.","Jackson Jr.","32.04999923706055","4","6500","PHO@MEM","MEM","PHO","","","","",""
"","","","","","","","","","","","","","29468-59318:Joe Ingles","29468-59318","SF","Joe","Joe Ingles","Ingles","34.45000076293945","4","6500","UTA@NO","UTA","NO","","","","",""
"","","","","","","","","","","","","","29468-9809:Nicolas Batum","29468-9809","SF","Nicolas","Nicolas Batum","Batum","26.933334350585938","6","6400","CHA@PHI","CHA","PHI","","","","",""
"","","","","","","","","","","","","","29468-23096:Evan Fournier","29468-23096","SG","Evan","Evan Fournier","Fournier","29.379998779296876","5","6300","ORL@MIL","ORL","MIL","","","","",""
"","","","","","","","","","","","","","29468-9673:Goran Dragic","29468-9673","PG","Goran","Goran Dragic","Dragic","30.950000762939453","4","6300","POR@MIA","MIA","POR","","","","",""
"","","","","","","","","","","","","","29468-66048:Brandon Ingram","29468-66048","PF","Brandon","Brandon Ingram","Ingram","25.049999237060547","2","6200","LAL@SA","LAL","SA","O","Suspension","","",""
"","","","","","","","","","","","","","29468-9577:Rudy Gay","29468-9577","SF","Rudy","Rudy Gay","Gay","26.125","4","6100","LAL@SA","SA","LAL","","","","",""
"","","","","","","","","","","","","","29468-55056:Dario Saric","29468-55056","PF","Dario","Dario Saric","Saric","27","5","6000","CHA@PHI","PHI","CHA","","","","",""
"","","","","","","","","","","","","","29468-9455:Rajon Rondo","29468-9455","PG","Rajon","Rajon Rondo","Rondo","37.349998474121094","2","5900","LAL@SA","LAL","SA","","","","",""
"","","","","","","","","","","","","","29468-15814:Alex Len","29468-15814","C","Alex","Alex Len","Len","25.924999237060547","4","5900","CHI@ATL","ATL","CHI","","","","",""
"","","","","","","","","","","","","","29468-9621:Brook Lopez","29468-9621","C","Brook","Brook Lopez","Lopez","23.360000610351562","5","5800","ORL@MIL","MIL","ORL","","","","",""
"","","","","","","","","","","","","","29468-20491:Robert Covington","29468-20491","SF","Robert","Robert Covington","Covington","26.4","5","5700","CHA@PHI","PHI","CHA","","","","",""
"","","","","","","","","","","","","","29468-14496:Ricky Rubio","29468-14496","PG","Ricky","Ricky Rubio","Rubio","18.875","4","5700","UTA@NO","UTA","NO","","","","",""
"","","","","","","","","","","","","","29468-9966:James Johnson","29468-9966","PF","James","James Johnson","Johnson","25.446575008026542","73","5700","POR@MIA","MIA","POR","O","Abdomen","","",""
"","","","","","","","","","","","","","29468-59358:Domantas Sabonis","29468-59358","PF","Domantas","Domantas Sabonis","Sabonis","31.375","4","5700","IND@CLE","IND","CLE","","","","",""
"","","","","","","","","","","","","","29468-12366:Gordon Hayward","29468-12366","SF","Gordon","Gordon Hayward","Hayward","22.399999618530273","4","5600","BOS@DET","BOS","DET","","","","",""
"","","","","","","","","","","","","","29468-84676:Wendell Carter Jr.","29468-84676","PF","Wendell","Wendell Carter Jr.","Carter Jr.","19.5","5","5600","CHI@ATL","CHI","ATL","","","","",""
"","","","","","","","","","","","","","29468-15559:Jeremy Lamb","29468-15559","SG","Jeremy","Jeremy Lamb","Lamb","24.583333333333332","6","5600","CHA@PHI","CHA","PHI","","","","",""
"","","","","","","","","","","","","","29468-48567:Cameron Payne","29468-48567","PG","Cameron","Cameron Payne","Payne","21.480000305175782","5","5600","CHI@ATL","CHI","ATL","","","","",""
"","","","","","","","","","","","","","29468-58253:Myles Turner","29468-58253","C","Myles","Myles Turner","Turner","25.960000610351564","5","5500","IND@CLE","IND","CLE","","","","",""
"","","","","","","","","","","","","","29468-9655:JJ Redick","29468-9655","SG","JJ","JJ Redick","Redick","30.839999389648437","5","5500","CHA@PHI","PHI","CHA","","","","",""
"","","","","","","","","","","","","","29468-16359:Malcolm Brogdon","29468-16359","SG","Malcolm","Malcolm Brogdon","Brogdon","23.039999389648436","5","5500","ORL@MIL","MIL","ORL","","","","",""
"","","","","","","","","","","","","","29468-12342:Al-Farouq Aminu","29468-12342","PF","Al-Farouq","Al-Farouq Aminu","Aminu","23.975000381469727","4","5400","POR@MIA","POR","MIA","","","","",""
"","","","","","","","","","","","","","29468-23120:TJ Warren","29468-23120","SF","TJ","TJ Warren","Warren","25.799999237060547","4","5400","PHO@MEM","PHO","MEM","","","","",""
"","","","","","","","","","","","","","29468-16604:Justin Holiday","29468-16604","SG","Justin","Justin Holiday","Holiday","22.960000610351564","5","5400","CHI@ATL","CHI","ATL","","","","",""
"","","","","","","","","","","","","","29468-80811:Jonathan Isaac","29468-80811","SF","Jonathan","Jonathan Isaac","Isaac","22.439999389648438","5","5400","ORL@MIL","ORL","MIL","","","","",""
"","","","","","","","","","","","","","29468-12351:Derrick Favors","29468-12351","PF","Derrick","Derrick Favors","Favors","22.950000762939453","4","5300","UTA@NO","UTA","NO","","","","",""
"","","","","","","","","","","","","","29468-9692:Tyreke Evans","29468-9692","SF","Tyreke","Tyreke Evans","Evans","25.8","5","5300","IND@CLE","IND","CLE","O","Personal","","",""
"","","","","","","","","","","","","","29468-15744:Rodney McGruder","29468-15744","SG","Rodney","Rodney McGruder","McGruder","33.599998474121094","4","5200","POR@MIA","MIA","POR","","","","",""
"","","","","","","","","","","","","","29468-12511:Ish Smith","29468-12511","PG","Ish","Ish Smith","Smith","21.674999237060547","4","5100","BOS@DET","DET","BOS","","","","",""
"","","","","","","","","","","","","","29468-9538:Trevor Ariza","29468-9538","SF","Trevor","Trevor Ariza","Ariza","22.149999618530273","4","5100","PHO@MEM","PHO","MEM","","","","",""
"","","","","","","","","","","","","","29468-9585:Dwyane Wade","29468-9585","SG","Dwyane","Dwyane Wade","Wade","24.325000762939453","4","5100","POR@MIA","MIA","POR","","","","",""
"","","","","","","","","","","","","","29468-80805:Markelle Fultz","29468-80805","SG","Markelle","Markelle Fultz","Fultz","20.780000305175783","5","5100","CHA@PHI","PHI","CHA","","","","",""
"","","","","","","","","","","","","","29468-20992:Larry Nance Jr.","29468-20992","SF","Larry","Larry Nance Jr.","Nance Jr.","24.899998982747395","3","5000","IND@CLE","CLE","IND","","","","",""
"","","","","","","","","","","","","","29468-15405:JaMychal Green","29468-15405","PF","JaMychal","JaMychal Green","Green","21.700000762939453","2","5000","PHO@MEM","MEM","PHO","O","Jaw","","",""
"","","","","","","","","","","","","","29468-16220:Dion Waiters","29468-16220","SG","Dion","Dion Waiters","Waiters","23.89666748046875","30","4900","POR@MIA","MIA","POR","GTD","Ankle","","",""
"","","","","","","","","","","","","","29468-67026:Jaylen Brown","29468-67026","SG","Jaylen","Jaylen Brown","Brown","16.980000305175782","5","4900","BOS@DET","BOS","DET","","","","",""
"","","","","","","","","","","","","","29468-12369:Lance Stephenson","29468-12369","SF","Lance","Lance Stephenson","Stephenson","22.939999389648438","5","4800","LAL@SA","LAL","SA","","","","",""
"","","","","","","","","","","","","","29468-20640:Jordan Clarkson","29468-20640","SG","Jordan","Jordan Clarkson","Clarkson","22.839999389648437","5","4800","IND@CLE","CLE","IND","","","","",""
"","","","","","","","","","","","","","29468-9666:Thaddeus Young","29468-9666","PF","Thaddeus","Thaddeus Young","Young","19.18000030517578","5","4800","IND@CLE","IND","CLE","","","","",""
"","","","","","","","","","","","","","29468-9703:George Hill","29468-9703","PG","George","George Hill","Hill","17.76000061035156","5","4800","IND@CLE","CLE","IND","","","","",""
"","","","","","","","","","","","","","29468-12359:Evan Turner","29468-12359","SF","Evan","Evan Turner","Turner","23.325000762939453","4","4700","POR@MIA","POR","MIA","","","","",""
"","","","","","","","","","","","","","29468-14501:Tristan Thompson","29468-14501","C","Tristan","Tristan Thompson","Thompson","21.73999938964844","5","4700","IND@CLE","CLE","IND","","","","",""
"","","","","","","","","","","","","","29468-14554:E'Twaun Moore","29468-14554","SF","E'Twaun","E'Twaun Moore","Moore","23.575000762939453","4","4700","UTA@NO","NO","UTA","","","","",""
"","","","","","","","","","","","","","29468-49675:Derrick White","29468-49675","PG","Derrick","Derrick White","White","6.688235114602482","17","4600","LAL@SA","SA","LAL","O","Heel","","",""
"","","","","","","","","","","","","","29468-15947:Reggie Bullock","29468-15947","SG","Reggie","Reggie Bullock","Bullock","21.399998982747395","3","4600","BOS@DET","DET","BOS","","","","",""
"","","","","","","","","","","","","","29468-58084:Justise Winslow","29468-58084","SF","Justise","Justise Winslow","Winslow","20.279411764705884","68","4600","POR@MIA","MIA","POR","","","","",""
"","","","","","","","","","","","","","29468-9451:Marvin Williams","29468-9451","PF","Marvin","Marvin Williams","Williams","21.3000005086263","6","4600","CHA@PHI","CHA","PHI","","","","",""
"","","","","","","","","","","","","","29468-15800:Jae Crowder","29468-15800","SF","Jae","Jae Crowder","Crowder","26.174999237060547","4","4600","UTA@NO","UTA","NO","","","","",""
"","","","","","","","","","","","","","29468-22541:Kelly Olynyk","29468-22541","PF","Kelly","Kelly Olynyk","Olynyk","16.424999237060547","4","4500","POR@MIA","MIA","POR","","","","",""
"","","","","","","","","","","","","","29468-14512:Marcus Morris","29468-14512","PF","Marcus","Marcus Morris","Morris","23.6","5","4500","BOS@DET","BOS","DET","","","","",""
"","","","","","","","","","","","","","29468-49336:DeAndre' Bembry","29468-49336","SF","DeAndre'","DeAndre' Bembry","Bembry","25.674999237060547","4","4500","CHI@ATL","ATL","CHI","","","","",""
"","","","","","","","","","","","","","29468-15691:Cody Zeller","29468-15691","C","Cody","Cody Zeller","Zeller","20.78333282470703","6","4500","CHA@PHI","CHA","PHI","","","","",""
"","","","","","","","","","","","","","29468-80816:Malik Monk","29468-80816","SG","Malik","Malik Monk","Monk","20.816666920979817","6","4500","CHA@PHI","CHA","PHI","","","","",""
"","","","","","","","","","","","","","29468-14529:Cory Joseph","29468-14529","PG","Cory","Cory Joseph","Joseph","21.76000061035156","5","4400","IND@CLE","IND","CLE","","","","",""
"","","","","","","","","","","","","","29468-14530:Bojan Bogdanovic","29468-14530","SF","Bojan","Bojan Bogdanovic","Bogdanovic","16.58000030517578","5","4400","IND@CLE","IND","CLE","","","","",""
"","","","","","","","","","","","","","29468-23788:Bryn Forbes","29468-23788","PG","Bryn","Bryn Forbes","Forbes","22.75","4","4400","LAL@SA","SA","LAL","","","","",""
"","","","","","","","","","","","","","29468-9466:D.J. Augustin","29468-9466","PG","D.J.","D.J. Augustin","Augustin","17.960000610351564","5","4400","ORL@MIL","ORL","MIL","","","","",""
"","","","","","","","","","","","","","29468-82744:Shaquille Harrison","29468-82744","PG","Shaquille","Shaquille Harrison","Harrison","20.299999237060547","1","4400","CHI@ATL","CHI","ATL","","","","",""
"","","","","","","","","","","","","","29468-16301:Dewayne Dedmon","29468-16301","C","Dewayne","Dewayne Dedmon","Dedmon","15","1","4400","CHI@ATL","ATL","CHI","","","","",""
"","","","","","","","","","","","","","29468-80815:Zach Collins","29468-80815","PF","Zach","Zach Collins","Collins","25.850000381469727","4","4400","POR@MIA","POR","MIA","","","","",""
"","","","","","","","","","","","","","29468-80817:Bam Adebayo","29468-80817","C","Bam","Bam Adebayo","Adebayo","18.725000381469727","4","4400","POR@MIA","MIA","POR","","","","",""
"","","","","","","","","","","","","","29468-23801:Nik Stauskas","29468-23801","SG","Nik","Nik Stauskas","Stauskas","20.274999618530273","4","4300","POR@MIA","POR","MIA","","","","",""
"","","","","","","","","","","","","","29468-15758:Michael Kidd-Gilchrist","29468-15758","SF","Michael","Michael Kidd-Gilchrist","Kidd-Gilchrist","24.600001017252605","6","4300","CHA@PHI","CHA","PHI","","","","",""
"","","","","","","","","","","","","","29468-9624:Darren Collison","29468-9624","PG","Darren","Darren Collison","Collison","16.560000610351562","5","4300","IND@CLE","IND","CLE","","","","",""
"","","","","","","","","","","","","","29468-24546:Denzel Valentine","29468-24546","SF","Denzel","Denzel Valentine","Valentine","22.709090592025163","77","4300","CHI@ATL","CHI","ATL","O","Ankle","","",""
"","","","","","","","","","","","","","29468-19456:Isaiah Canaan","29468-19456","PG","Isaiah","Isaiah Canaan","Canaan","18.174999237060547","4","4200","PHO@MEM","PHO","MEM","","","","",""
"","","","","","","","","","","","","","29468-16405:Terrence Ross","29468-16405","SG","Terrence","Terrence Ross","Ross","22.560000610351562","5","4200","ORL@MIL","ORL","MIL","","","","",""
"","","","","","","","","","","","","","29468-23670:Marcus Smart","29468-23670","SG","Marcus","Marcus Smart","Smart","15.539999389648438","5","4200","BOS@DET","BOS","DET","","","","",""
"","","","","","","","","","","","","","29468-63127:Willy Hernangomez","29468-63127","C","Willy","Willy Hernangomez","Hernangomez","14.133333841959635","6","4200","CHA@PHI","CHA","PHI","","","","",""
"","","","","","","","","","","","","","29468-42677:Terry Rozier","29468-42677","PG","Terry","Terry Rozier","Rozier","18.660000610351563","5","4200","BOS@DET","BOS","DET","","","","",""
"","","","","","","","","","","","","","29468-84675:Mohamed Bamba","29468-84675","C","Mohamed","Mohamed Bamba","Bamba","18.7","5","4200","ORL@MIL","ORL","MIL","","","","",""
"","","","","","","","","","","","","","29468-58350:Stanley Johnson","29468-58350","SF","Stanley","Stanley Johnson","Johnson","13.5","3","4200","BOS@DET","DET","BOS","","","","",""
"","","","","","","","","","","","","","29468-15904:Rodney Hood","29468-15904","SG","Rodney","Rodney Hood","Hood","17.38000030517578","5","4100","IND@CLE","CLE","IND","","","","",""
"","","","","","","","","","","","","","29468-23716:Kyle Anderson","29468-23716","SF","Kyle","Kyle Anderson","Anderson","16.450000762939453","4","4100","PHO@MEM","MEM","PHO","","","","",""
"","","","","","","","","","","","","","29468-14533:Shelvin Mack","29468-14533","PG","Shelvin","Shelvin Mack","Mack","15.25","4","4100","PHO@MEM","MEM","PHO","","","","",""
"","","","","","","","","","","","","","29468-11074:Garrett Temple","29468-11074","SG","Garrett","Garrett Temple","Temple","22.850000381469727","4","4100","PHO@MEM","MEM","PHO","","","","",""
"","","","","","","","","","","","","","29468-18256:Doug McDermott","29468-18256","SF","Doug","Doug McDermott","McDermott","14.519999694824218","5","4100","IND@CLE","IND","CLE","","","","",""
"","","","","","","","","","","","","","29468-9448:Jamal Crawford","29468-9448","SG","Jamal","Jamal Crawford","Crawford","7.400000254313151","3","4000","PHO@MEM","PHO","MEM","","","","",""
"","","","","","","","","","","","","","29468-9570:Pau Gasol","29468-9570","C","Pau","Pau Gasol","Gasol","17.225000381469727","4","4000","LAL@SA","SA","LAL","","","","",""
"","","","","","","","","","","","","","29468-9598:Ersan Ilyasova","29468-9598","PF","Ersan","Ersan Ilyasova","Ilyasova","20.019999694824218","5","4000","ORL@MIL","MIL","ORL","","","","",""
"","","","","","","","","","","","","","29468-9636:Wilson Chandler","29468-9636","SF","Wilson","Wilson Chandler","Chandler","21.75135102143159","74","4000","CHA@PHI","PHI","CHA","GTD","Hamstring","","",""
"","","","","","","","","","","","","","29468-80809:Josh Jackson","29468-80809","PF","Josh","Josh Jackson","Jackson","14.100000381469727","4","4000","PHO@MEM","PHO","MEM","","","","",""
"","","","","","","","","","","","","","29468-37931:Aron Baynes","29468-37931","C","Aron","Aron Baynes","Baynes","15.5","3","3900","BOS@DET","BOS","DET","O","Hamstring","","",""
"","","","","","","","","","","","","","29468-84667:Collin Sexton","29468-84667","PG","Collin","Collin Sexton","Sexton","15.5","5","3900","IND@CLE","CLE","IND","","","","",""
"","","","","","","","","","","","","","29468-66968:Derrick Jones Jr.","29468-66968","SF","Derrick","Derrick Jones Jr.","Jones Jr.","20","3","3900","POR@MIA","MIA","POR","","","","",""
"","","","","","","","","","","","","","29468-9715:Marco Belinelli","29468-9715","SG","Marco","Marco Belinelli","Belinelli","17.649999618530273","4","3900","LAL@SA","SA","LAL","","","","",""
"","","","","","","","","","","","","","29468-84704:Kevin Huerter","29468-84704","SG","Kevin","Kevin Huerter","Huerter","13.824999809265137","4","3800","CHI@ATL","ATL","CHI","","","","",""
"","","","","","","","","","","","","","29468-9956:Wayne Ellington","29468-9956","SG","Wayne","Wayne Ellington","Ellington","17.85844124137581","77","3800","POR@MIA","MIA","POR","","","","",""
"","","","","","","","","","","","","","29468-9454:Zaza Pachulia","29468-9454","C","Zaza","Zaza Pachulia","Pachulia","18.149999618530273","4","3800","BOS@DET","DET","BOS","","","","",""
"","","","","","","","","","","","","","29468-16178:Maurice Harkless","29468-16178","SF","Maurice","Maurice Harkless","Harkless","15","4","3800","POR@MIA","POR","MIA","","","","",""
"","","","","","","","","","","","","","29468-18821:Jonathon Simmons","29468-18821","SF","Jonathon","Jonathon Simmons","Simmons","14.350000381469727","4","3800","ORL@MIL","ORL","MIL","","","","",""
"","","","","","","","","","","","","","29468-66114:Antonio Blakeney","29468-66114","SG","Antonio","Antonio Blakeney","Blakeney","14.139999389648438","5","3700","CHI@ATL","CHI","ATL","","","","",""
"","","","","","","","","","","","","","29468-15952:John Henson","29468-15952","PF","John","John Henson","Henson","23.08000030517578","5","3700","ORL@MIL","MIL","ORL","","","","",""
"","","","","","","","","","","","","","29468-18600:Tyler Johnson","29468-18600","PG","Tyler","Tyler Johnson","Johnson","15.550000190734863","4","3700","POR@MIA","MIA","POR","","","","",""
"","","","","","","","","","","","","","29468-14505:Bismack Biyombo","29468-14505","C","Bismack","Bismack Biyombo","Biyombo","10.90000025431315","3","3700","CHA@PHI","CHA","PHI","","","","",""
"","","","","","","","","","","","","","29468-23740:Ryan Arcidiacono","29468-23740","PG","Ryan","Ryan Arcidiacono","Arcidiacono","16.225000381469727","4","3700","CHI@ATL","CHI","ATL","","","","",""
"","","","","","","","","","","","","","29468-14543:Davis Bertans","29468-14543","SF","Davis","Davis Bertans","Bertans","14.125","4","3700","LAL@SA","SA","LAL","","","","",""
"","","","","","","","","","","","","","29468-84703:De'Anthony Melton","29468-84703","PG","De'Anthony","De'Anthony Melton","Melton","0","1","3700","PHO@MEM","PHO","MEM","GTD","Undisclosed","","",""
"","","","","","","","","","","","","","29468-84708:Robert Williams III","29468-84708","C","Robert","Robert Williams III","Williams III","0","1","3700","BOS@DET","BOS","DET","","","","",""
"","","","","","","","","","","","","","29468-15591:Miles Plumlee","29468-15591","C","Miles","Miles Plumlee","Plumlee","15.100000381469727","2","3700","CHI@ATL","ATL","CHI","","","","",""
"","","","","","","","","","","","","","29468-9473:Tyson Chandler","29468-9473","C","Tyson","Tyson Chandler","Chandler","15","4","3700","PHO@MEM","PHO","MEM","","","","",""
"","","","","","","","","","","","","","29468-55055:Dante Exum","29468-55055","PG","Dante","Dante Exum","Exum","14.699999809265137","4","3700","UTA@NO","UTA","NO","","","","",""
"","","","","","","","","","","","","","29468-23826:Alex Poythress","29468-23826","PF","Alex","Alex Poythress","Poythress","13.25","4","3700","CHI@ATL","ATL","CHI","O","Knee","","",""
"","","","","","","","","","","","","","29468-15636:Kentavious Caldwell-Pope","29468-15636","SG","Kentavious","Kentavious Caldwell-Pope","Caldwell-Pope","10.44000015258789","5","3700","LAL@SA","LAL","SA","","","","",""
"","","","","","","","","","","","","","29468-40819:Jarell Martin","29468-40819","PF","Jarell","Jarell Martin","Martin","9.899999618530273","1","3700","ORL@MIL","ORL","MIL","","","","",""
"","","","","","","","","","","","","","29468-66455:Henry Ellenson","29468-66455","PF","Henry","Henry Ellenson","Ellenson","7.242105584395559","38","3700","BOS@DET","DET","BOS","","","","",""
"","","","","","","","","","","","","","29468-9702:Tony Parker","29468-9702","PG","Tony","Tony Parker","Parker","14.633333841959635","6","3700","CHA@PHI","CHA","PHI","O","Rest","","",""
"","","","","","","","","","","","","","29468-17384:Kyle O'Quinn","29468-17384","C","Kyle","Kyle O'Quinn","O'Quinn","13.980000305175782","5","3700","IND@CLE","IND","CLE","","","","",""
"","","","","","","","","","","","","","29468-63478:Cristiano Felicio","29468-63478","C","Cristiano","Cristiano Felicio","Felicio","17.450000762939453","2","3700","CHI@ATL","CHI","ATL","","","","",""
"","","","","","","","","","","","","","29468-9772:Ryan Anderson","29468-9772","PF","Ryan","Ryan Anderson","Anderson","12.324999809265137","4","3600","PHO@MEM","PHO","MEM","GTD","Hip","","",""
"","","","","","","","","","","","","","29468-15417:Solomon Hill","29468-15417","SF","Solomon","Solomon Hill","Hill","12.524999618530273","4","3600","UTA@NO","NO","UTA","","","","",""
"","","","","","","","","","","","","","29468-15996:Jerian Grant","29468-15996","PG","Jerian","Jerian Grant","Grant","11.04000015258789","5","3600","ORL@MIL","ORL","MIL","","","","",""
"","","","","","","","","","","","","","29468-9862:Amir Johnson","29468-9862","PF","Amir","Amir Johnson","Johnson","13.11999969482422","5","3600","CHA@PHI","PHI","CHA","","","","",""
"","","","","","","","","","","","","","29468-42665:Andrew Harrison","29468-42665","PG","Andrew","Andrew Harrison","Harrison","19.10178484235491","56","3600","PHO@MEM","MEM","PHO","","","","",""
"","","","","","","","","","","","","","29468-42158:Jabari Bird","29468-42158","SG","Jabari","Jabari Bird","Bird","5.984615619365986","13","3600","BOS@DET","BOS","DET","O","Not injury related","","",""
"","","","","","","","","","","","","","29468-14524:MarShon Brooks","29468-14524","SG","MarShon","MarShon Brooks","Brooks","8.333333333333334","3","3600","PHO@MEM","MEM","PHO","","","","",""
"","","","","","","","","","","","","","29468-84678:Miles Bridges","29468-84678","SF","Miles","Miles Bridges","Bridges","17.019999694824218","5","3600","CHA@PHI","CHA","PHI","","","","",""
"","","","","","","","","","","","","","29468-84681:Donte DiVincenzo","29468-84681","SG","Donte","Donte DiVincenzo","DiVincenzo","13.980000305175782","5","3600","ORL@MIL","MIL","ORL","","","","",""
"","","","","","","","","","","","","","29468-16081:Khem Birch","29468-16081","PF","Khem","Khem Birch","Birch","1.2000000476837158","1","3600","ORL@MIL","ORL","MIL","","","","",""
"","","","","","","","","","","","","","29468-9939:Patty Mills","29468-9939","PG","Patty","Patty Mills","Mills","12.175000190734863","4","3600","LAL@SA","SA","LAL","","","","",""
"","","","","","","","","","","","","","29468-84702:Lonnie Walker IV","29468-84702","SG","Lonnie","Lonnie Walker IV","Walker IV","null","null","3600","LAL@SA","SA","LAL","O","Knee","","",""
"","","","","","","","","","","","","","29468-84705:Omari Spellman","29468-84705","PF","Omari","Omari Spellman","Spellman","14.433333079020182","3","3600","CHI@ATL","ATL","CHI","","","","",""
"","","","","","","","","","","","","","29468-9960:Omri Casspi","29468-9960","SF","Omri","Omri Casspi","Casspi","13.533332824707031","3","3600","PHO@MEM","MEM","PHO","","","","",""
"","","","","","","","","","","","","","29468-23282:Sam Dekker","29468-23282","SF","Sam","Sam Dekker","Dekker","11.149999618530273","4","3600","IND@CLE","CLE","IND","","","","",""
"","","","","","","","","","","","","","29468-84723:Khyri Thomas","29468-84723","SG","Khyri","Khyri Thomas","Thomas","null","null","3600","BOS@DET","DET","BOS","","","","",""
"","","","","","","","","","","","","","29468-85241:Johnathan Williams","29468-85241","PF","Johnathan","Johnathan Williams","Williams","13.733333587646484","3","3600","LAL@SA","LAL","SA","","","","",""
"","","","","","","","","","","","","","29468-17230:Langston Galloway","29468-17230","SG","Langston","Langston Galloway","Galloway","10.699999809265137","4","3600","BOS@DET","DET","BOS","","","","",""
"","","","","","","","","","","","","","29468-17747:Ian Clark","29468-17747","SG","Ian","Ian Clark","Clark","8.366666793823242","3","3600","UTA@NO","NO","UTA","","","","",""
"","","","","","","","","","","","","","29468-9587:Michael Beasley","29468-9587","SF","Michael","Michael Beasley","Beasley","1.5333333015441895","3","3600","LAL@SA","LAL","SA","","","","",""
"","","","","","","","","","","","","","29468-9647:Thabo Sefolosha","29468-9647","SF","Thabo","Thabo Sefolosha","Sefolosha","18.86052663702714","38","3600","UTA@NO","UTA","NO","O","Suspension","","",""
"","","","","","","","","","","","","","29468-9654:Vince Carter","29468-9654","SG","Vince","Vince Carter","Carter","13.074999809265137","4","3600","CHI@ATL","ATL","CHI","","","","",""
"","","","","","","","","","","","","","29468-18393:T.J. McConnell","29468-18393","PG","T.J.","T.J. McConnell","McConnell","13.160000610351563","5","3600","CHA@PHI","PHI","CHA","","","","",""
"","","","","","","","","","","","","","29468-67556:Tyler Dorsey","29468-67556","SG","Tyler","Tyler Dorsey","Dorsey","7.800000190734863","2","3600","CHI@ATL","ATL","CHI","","","","",""
"","","","","","","","","","","","","","29468-17894:Mike Muscala","29468-17894","C","Mike","Mike Muscala","Muscala","13.350000381469727","2","3600","CHA@PHI","PHI","CHA","","","","",""
"","","","","","","","","","","","","","29468-66046:Luke Kennard","29468-66046","SG","Luke","Luke Kennard","Kennard","10.833333333333334","3","3600","BOS@DET","DET","BOS","O","Shoulder","","",""
"","","","","","","","","","","","","","29468-58378:Jakob Poeltl","29468-58378","C","Jakob","Jakob Poeltl","Poeltl","7.733333587646484","3","3500","LAL@SA","SA","LAL","","","","",""
"","","","","","","","","","","","","","29468-66061:Dwayne Bacon","29468-66061","SF","Dwayne","Dwayne Bacon","Bacon","11.199999809265137","2","3500","CHA@PHI","CHA","PHI","","","","",""
"","","","","","","","","","","","","","29468-97299:Zach Lofton","29468-97299","SG","Zach","Zach Lofton","Lofton","2","1","3500","BOS@DET","DET","BOS","","","","",""
"","","","","","","","","","","","","","29468-59416:John Holland","29468-59416","SG","John","John Holland","Holland","0","1","3500","IND@CLE","CLE","IND","","","","",""
"","","","","","","","","","","","","","29468-48668:Troy Caupain","29468-48668","PG","Troy","Troy Caupain","Caupain","null","null","3500","ORL@MIL","ORL","MIL","","","","",""
"","","","","","","","","","","","","","29468-23581:Amile Jefferson","29468-23581","PF","Amile","Amile Jefferson","Jefferson","null","null","3500","ORL@MIL","ORL","MIL","","","","",""
"","","","","","","","","","","","","","29468-66091:Cheick Diallo","29468-66091","PF","Cheick","Cheick Diallo","Diallo","3.9000000953674316","2","3500","UTA@NO","NO","UTA","","","","",""
"","","","","","","","","","","","","","29468-12339:Ekpe Udoh","29468-12339","C","Ekpe","Ekpe Udoh","Udoh","2.950000047683716","2","3500","UTA@NO","UTA","NO","","","","",""
"","","","","","","","","","","","","","29468-66104:Isaiah Briscoe","29468-66104","PG","Isaiah","Isaiah Briscoe","Briscoe","7.349999904632568","2","3500","ORL@MIL","ORL","MIL","","","","",""
"","","","","","","","","","","","","","29468-12348:Wesley Johnson","29468-12348","SF","Wesley","Wesley Johnson","Johnson","10","1","3500","UTA@NO","NO","UTA","","","","",""
"","","","","","","","","","","","","","29468-16448:Frank Kaminsky","29468-16448","PF","Frank","Frank Kaminsky","Kaminsky","2.866666793823242","3","3500","CHA@PHI","CHA","PHI","","","","",""
"","","","","","","","","","","","","","29468-12357:Quincy Pondexter","29468-12357","SG","Quincy","Quincy Pondexter","Pondexter","4.699999809265137","2","3500","LAL@SA","SA","LAL","","","","",""
"","","","","","","","","","","","","","29468-23121:Tyler Cavanaugh","29468-23121","PF","Tyler","Tyler Cavanaugh","Cavanaugh","10.279487022986778","39","3500","UTA@NO","UTA","NO","","","","",""
"","","","","","","","","","","","","","29468-9810:Jerryd Bayless","29468-9810","PG","Jerryd","Jerryd Bayless","Bayless","13.461538461538462","39","3500","CHA@PHI","PHI","CHA","O","Knee","","",""
"","","","","","","","","","","","","","29468-58463:Tyler Ulis","29468-58463","PG","Tyler","Tyler Ulis","Ulis","0","1","3500","CHI@ATL","CHI","ATL","","","","",""
"","","","","","","","","","","","","","29468-20064:Matthew Dellavedova","29468-20064","PG","Matthew","Matthew Dellavedova","Dellavedova","5.349999904632568","2","3500","ORL@MIL","MIL","ORL","","","","",""
"","","","","","","","","","","","","","29468-17517:Tony Snell","29468-17517","SG","Tony","Tony Snell","Snell","8.580000305175782","5","3500","ORL@MIL","MIL","ORL","","","","",""
"","","","","","","","","","","","","","29468-85105:Billy Preston","29468-85105","PF","Billy","Billy Preston","Preston","null","null","3500","IND@CLE","CLE","IND","","","","",""
"","","","","","","","","","","","","","29468-23155:Naz Mitrou-Long","29468-23155","SG","Naz","Naz Mitrou-Long","Mitrou-Long","3","1","3500","UTA@NO","UTA","NO","","","","",""
"","","","","","","","","","","","","","29468-23156:Georges Niang","29468-23156","PF","Georges","Georges Niang","Niang","6.175000190734863","4","3500","UTA@NO","UTA","NO","","","","",""
"","","","","","","","","","","","","","29468-81529:Daniel Theis","29468-81529","PF","Daniel","Daniel Theis","Theis","7.324999809265137","4","3500","BOS@DET","BOS","DET","","","","",""
"","","","","","","","","","","","","","29468-15993:Pat Connaughton","29468-15993","SG","Pat","Pat Connaughton","Connaughton","7.949999809265137","2","3500","ORL@MIL","MIL","ORL","","","","",""
"","","","","","","","","","","","","","29468-58490:Wade Baldwin IV","29468-58490","PG","Wade","Wade Baldwin IV","Baldwin IV","0.4000000059604645","1","3500","POR@MIA","POR","MIA","","","","",""
"","","","","","","","","","","","","","29468-12424:Timofey Mozgov","29468-12424","C","Timofey","Timofey Mozgov","Mozgov","9.229032454952117","31","3500","ORL@MIL","ORL","MIL","GTD","Knee","","",""
"","","","","","","","","","","","","","29468-66185:Caleb Swanigan","29468-66185","PF","Caleb","Caleb Swanigan","Swanigan","0","1","3500","POR@MIA","POR","MIA","","","","",""
"","","","","","","","","","","","","","29468-9870:Kyle Korver","29468-9870","SG","Kyle","Kyle Korver","Korver","9.574999809265137","4","3500","IND@CLE","CLE","IND","","","","",""
"","","","","","","","","","","","","","29468-85137:Duncan Robinson","29468-85137","SG","Duncan","Duncan Robinson","Robinson","10.800000190734863","1","3500","POR@MIA","MIA","POR","","","","",""
"","","","","","","","","","","","","","29468-9873:Robin Lopez","29468-9873","C","Robin","Robin Lopez","Lopez","9.766666412353516","3","3500","CHI@ATL","CHI","ATL","","","","",""
"","","","","","","","","","","","","","29468-66196:PJ Dozier","29468-66196","SG","PJ","PJ Dozier","Dozier","1.100000023841858","2","3500","BOS@DET","BOS","DET","","","","",""
"","","","","","","","","","","","","","29468-85140:Keenan Evans","29468-85140","PG","Keenan","Keenan Evans","Evans","null","null","3500","BOS@DET","DET","BOS","","","","",""
"","","","","","","","","","","","","","29468-12443:Jeremy Lin","29468-12443","PG","Jeremy","Jeremy Lin","Lin","8.524999618530273","4","3500","CHI@ATL","ATL","CHI","","","","",""
"","","","","","","","","","","","","","29468-85150:Trevon Bluiett","29468-85150","SG","Trevon","Trevon Bluiett","Bluiett","null","null","3500","UTA@NO","NO","UTA","","","","",""
"","","","","","","","","","","","","","29468-70819:Dragan Bender","29468-70819","PF","Dragan","Dragan Bender","Bender","0.699999988079071","2","3500","PHO@MEM","PHO","MEM","","","","",""
"","","","","","","","","","","","","","29468-70820:Thon Maker","29468-70820","C","Thon","Thon Maker","Maker","15.800000190734863","1","3500","ORL@MIL","MIL","ORL","","","","",""
"","","","","","","","","","","","","","29468-70823:Guerschon Yabusele","29468-70823","PF","Guerschon","Guerschon Yabusele","Yabusele","0.6666666666666666","3","3500","BOS@DET","BOS","DET","","","","",""
"","","","","","","","","","","","","","29468-70824:Ante Zizic","29468-70824","PF","Ante","Ante Zizic","Zizic","8.199999809265137","4","3500","IND@CLE","CLE","IND","","","","",""
"","","","","","","","","","","","","","29468-70827:Ivica Zubac","29468-70827","C","Ivica","Ivica Zubac","Zubac","4.050000190734863","2","3500","LAL@SA","LAL","SA","","","","",""
"","","","","","","","","","","","","","29468-70826:Furkan Korkmaz","29468-70826","SG","Furkan","Furkan Korkmaz","Korkmaz","2.1500000953674316","4","3500","CHA@PHI","PHI","CHA","","","","",""
"","","","","","","","","","","","","","29468-14510:Alec Burks","29468-14510","SG","Alec","Alec Burks","Burks","9.25","4","3500","UTA@NO","UTA","NO","","","","",""
"","","","","","","","","","","","","","29468-84670:Mikal Bridges","29468-84670","SF","Mikal","Mikal Bridges","Bridges","9.875","4","3500","PHO@MEM","PHO","MEM","","","","",""
"","","","","","","","","","","","","","29468-23744:Justin Anderson","29468-23744","SG","Justin","Justin Anderson","Anderson","11.450000160618833","38","3500","CHI@ATL","ATL","CHI","O","Leg","","",""
"","","","","","","","","","","","","","29468-84672:Zhaire Smith","29468-84672","SG","Zhaire","Zhaire Smith","Smith","null","null","3500","CHA@PHI","PHI","CHA","O","Foot","","",""
"","","","","","","","","","","","","","29468-16071:Tim Frazier","29468-16071","PG","Tim","Tim Frazier","Frazier","1.5","1","3500","UTA@NO","NO","UTA","","","","",""
"","","","","","","","","","","","","","29468-14537:Chandler Parsons","29468-14537","SF","Chandler","Chandler Parsons","Parsons","9.59999974568685","3","3500","PHO@MEM","MEM","PHO","O","Knee","","",""
"","","","","","","","","","","","","","29468-14539:Jon Leuer","29468-14539","PF","Jon","Jon Leuer","Leuer","11.612500190734863","8","3500","BOS@DET","DET","BOS","","","","",""
"","","","","","","","","","","","","","29468-58574:Jonah Bolden","29468-58574","PF","Jonah","Jonah Bolden","Bolden","0","2","3500","CHA@PHI","PHI","CHA","","","","",""
"","","","","","","","","","","","","","29468-84687:George King","29468-84687","SF","George","George King","King","null","null","3500","PHO@MEM","PHO","MEM","","","","",""
"","","","","","","","","","","","","","29468-84686:Elie Okobo","29468-84686","PG","Elie","Elie Okobo","Okobo","1.25","2","3500","PHO@MEM","PHO","MEM","","","","",""
"","","","","","","","","","","","","","29468-84691:Shake Milton","29468-84691","SG","Shake","Shake Milton","Milton","null","null","3500","CHA@PHI","PHI","CHA","","","","",""
"","","","","","","","","","","","","","29468-9940:Dante Cunningham","29468-9940","SF","Dante","Dante Cunningham","Cunningham","9.925000190734863","4","3500","LAL@SA","SA","LAL","","","","",""
"","","","","","","","","","","","","","29468-84695:Gary Trent Jr.","29468-84695","SG","Gary","Gary Trent Jr.","Trent Jr.","null","null","3500","POR@MIA","POR","MIA","","","","",""
"","","","","","","","","","","","","","29468-84694:Bruce Brown","29468-84694","SG","Bruce","Bruce Brown","Brown","2.950000047683716","2","3500","BOS@DET","DET","BOS","","","","",""
"","","","","","","","","","","","","","29468-84696:Jevon Carter","29468-84696","PG","Jevon","Jevon Carter","Carter","null","null","3500","PHO@MEM","MEM","PHO","","","","",""
"","","","","","","","","","","","","","29468-42202:Christian Wood","29468-42202","PF","Christian","Christian Wood","Wood","2.700000047683716","2","3500","ORL@MIL","MIL","ORL","","","","",""
"","","","","","","","","","","","","","29468-84701:Chimezie Metu","29468-84701","PF","Chimezie","Chimezie Metu","Metu","5.449999809265137","2","3500","LAL@SA","SA","LAL","","","","",""
"","","","","","","","","","","","","","29468-15583:Seth Curry","29468-15583","PG","Seth","Seth Curry","Curry","10.25","4","3500","POR@MIA","POR","MIA","","","","",""
"","","","","","","","","","","","","","29468-84707:Chandler Hutchison","29468-84707","SF","Chandler","Chandler Hutchison","Hutchison","7.599999904632568","4","3500","CHI@ATL","CHI","ATL","","","","",""
"","","","","","","","","","","","","","29468-58083:Jahlil Okafor","29468-58083","C","Jahlil","Jahlil Okafor","Okafor","3.049999952316284","2","3500","UTA@NO","NO","UTA","","","","",""
"","","","","","","","","","","","","","29468-84706:Devonte' Graham","29468-84706","PG","Devonte'","Devonte' Graham","Graham","1.5","1","3500","CHA@PHI","CHA","PHI","","","","",""
"","","","","","","","","","","","","","29468-23780:Jake Layman","29468-23780","SF","Jake","Jake Layman","Layman","8.024999618530273","4","3500","POR@MIA","POR","MIA","","","","",""
"","","","","","","","","","","","","","29468-84711:Grayson Allen","29468-84711","SG","Grayson","Grayson Allen","Allen","3.5","2","3500","UTA@NO","UTA","NO","","","","",""
"","","","","","","","","","","","","","29468-84713:Svi Mykhailiuk","29468-84713","SG","Svi","Svi Mykhailiuk","Mykhailiuk","8.266666412353516","3","3500","LAL@SA","LAL","SA","","","","",""
"","","","","","","","","","","","","","29468-84714:Moritz Wagner","29468-84714","C","Moritz","Moritz Wagner","Wagner","null","null","3500","LAL@SA","LAL","SA","GTD","Knee","","",""
"","","","","","","","","","","","","","29468-84717:Anfernee Simons","29468-84717","SG","Anfernee","Anfernee Simons","Simons","null","null","3500","POR@MIA","POR","MIA","","","","",""
"","","","","","","","","","","","","","29468-42733:David Nwaba","29468-42733","SG","David","David Nwaba","Nwaba","2.25","2","3500","IND@CLE","CLE","IND","","","","",""
"","","","","","","","","","","","","","29468-84719:Aaron Holiday","29468-84719","PG","Aaron","Aaron Holiday","Holiday","1.0499999523162842","4","3500","IND@CLE","IND","CLE","","","","",""
"","","","","","","","","","","","","","29468-84718:Alize Johnson","29468-84718","PF","Alize","Alize Johnson","Johnson","3.4000000953674316","2","3500","IND@CLE","IND","CLE","","","","",""
"","","","","","","","","","","","","","29468-9968:Jodie Meeks","29468-9968","SG","Jodie","Jodie Meeks","Meeks","10.457143015675731","77","3500","ORL@MIL","MIL","ORL","O","Suspension","","",""
"","","","","","","","","","","","","","29468-84720:Melvin Frazier Jr.","29468-84720","SF","Melvin","Melvin Frazier Jr.","Frazier Jr.","null","null","3500","ORL@MIL","ORL","MIL","","","","",""
"","","","","","","","","","","","","","29468-84722:Isaac Bonga","29468-84722","SF","Isaac","Isaac Bonga","Bonga","null","null","3500","LAL@SA","LAL","SA","","","","",""
"","","","","","","","","","","","","","29468-84724:Landry Shamet","29468-84724","PG","Landry","Landry Shamet","Shamet","9.859999847412109","5","3500","CHA@PHI","PHI","CHA","","","","",""
"","","","","","","","","","","","","","29468-85238:Yuta Watanabe","29468-85238","SF","Yuta","Yuta Watanabe","Watanabe","null","null","3500","PHO@MEM","MEM","PHO","","","","",""
"","","","","","","","","","","","","","29468-23800:Glenn Robinson III","29468-23800","SF","Glenn","Glenn Robinson III","Robinson III","6.200000127156575","3","3500","BOS@DET","DET","BOS","","","","",""
"","","","","","","","","","","","","","29468-84730:J.P. Macura","29468-84730","SG","J.P.","J.P. Macura","Macura","null","null","3500","CHA@PHI","CHA","PHI","","","","",""
"","","","","","","","","","","","","","29468-85242:Rawle Alkins","29468-85242","SG","Rawle","Rawle Alkins","Alkins","null","null","3500","CHI@ATL","CHI","ATL","","","","",""
"","","","","","","","","","","","","","29468-40208:Raul Neto","29468-40208","PG","Raul","Raul Neto","Neto","9.007316775438262","41","3500","UTA@NO","UTA","NO","O","Hamstring","","",""
"","","","","","","","","","","","","","29468-9506:JR Smith","29468-9506","SG","JR","JR Smith","Smith","5.533333460489909","3","3500","IND@CLE","CLE","IND","","","","",""
"","","","","","","","","","","","","","29468-48940:Wes Iwundu","29468-48940","SF","Wes","Wes Iwundu","Iwundu","11.800000190734863","2","3500","ORL@MIL","ORL","MIL","","","","",""
"","","","","","","","","","","","","","29468-15669:Meyers Leonard","29468-15669","C","Meyers","Meyers Leonard","Leonard","6.799999872843425","3","3500","POR@MIA","POR","MIA","","","","",""
"","","","","","","","","","","","","","29468-41269:Demetrius Jackson","29468-41269","PG","Demetrius","Demetrius Jackson","Jackson","3.3933334350585938","15","3500","CHA@PHI","PHI","CHA","","","","",""
"","","","","","","","","","","","","","29468-82743:Walter Lemon Jr.","29468-82743","SG","Walter","Walter Lemon Jr.","Lemon Jr.","5.179999923706054","5","3500","BOS@DET","BOS","DET","","","","",""
"","","","","","","","","","","","","","29468-85305:Kenrich Williams","29468-85305","PF","Kenrich","Kenrich Williams","Williams","0","1","3500","UTA@NO","NO","UTA","","","","",""
"","","","","","","","","","","","","","29468-85308:Trevon Duval","29468-85308","PG","Trevon","Trevon Duval","Duval","null","null","3500","ORL@MIL","MIL","ORL","GTD","Eye","","",""
"","","","","","","","","","","","","","29468-40255:Davon Reed","29468-40255","SG","Davon","Davon Reed","Reed","7.3952382405598955","21","3500","IND@CLE","IND","CLE","","","","",""
"","","","","","","","","","","","","","29468-20805:Troy Daniels","29468-20805","SG","Troy","Troy Daniels","Daniels","1.2000000476837158","1","3500","PHO@MEM","PHO","MEM","","","","",""
"","","","","","","","","","","","","","29468-40262:Sterling Brown","29468-40262","SG","Sterling","Sterling Brown","Brown","3.1000000635782876","3","3500","ORL@MIL","MIL","ORL","","","","",""
"","","","","","","","","","","","","","29468-40264:Ben Moore","29468-40264","SF","Ben","Ben Moore","Moore","1.350000023841858","2","3500","IND@CLE","IND","CLE","","","","",""
"","","","","","","","","","","","","","29468-82761:Jaylen Morris","29468-82761","SG","Jaylen","Jaylen Morris","Morris","10.116666793823242","6","3500","ORL@MIL","MIL","ORL","","","","",""
"","","","","","","","","","","","","","29468-60233:Dillon Brooks","29468-60233","SG","Dillon","Dillon Brooks","Brooks","5.875","4","3500","PHO@MEM","MEM","PHO","","","","",""
"","","","","","","","","","","","","","29468-84808:Jaylen Adams","29468-84808","SG","Jaylen","Jaylen Adams","Adams","1.350000023841858","2","3500","CHI@ATL","ATL","CHI","","","","",""
"","","","","","","","","","","","","","29468-9589:Udonis Haslem","29468-9589","PF","Udonis","Udonis Haslem","Haslem","-0.800000011920929","1","3500","POR@MIA","MIA","POR","","","","",""
"","","","","","","","","","","","","","29468-15762:Darius Miller","29468-15762","SF","Darius","Darius Miller","Miller","6.599999904632568","4","3500","UTA@NO","NO","UTA","O","Quadriceps","","",""
"","","","","","","","","","","","","","29468-16790:Brad Wanamaker","29468-16790","PG","Brad","Brad Wanamaker","Wanamaker","3.200000047683716","1","3500","BOS@DET","BOS","DET","","","","",""
"","","","","","","","","","","","","","29468-23447:Richaun Holmes","29468-23447","PF","Richaun","Richaun Holmes","Holmes","5.466666539510091","3","3500","PHO@MEM","PHO","MEM","","","","",""
"","","","","","","","","","","","","","29468-58270:Edmond Sumner","29468-58270","PG","Edmond","Edmond Sumner","Sumner","0.625","4","3500","IND@CLE","IND","CLE","","","","",""
"","","","","","","","","","","","","","29468-18338:Royce O'Neale","29468-18338","SF","Royce","Royce O'Neale","O'Neale","4.324999809265137","4","3500","UTA@NO","UTA","NO","","","","",""
"","","","","","","","","","","","","","29468-23981:Alex Caruso","29468-23981","PG","Alex","Alex Caruso","Caruso","10.31081081081081","37","3500","LAL@SA","LAL","SA","GTD","Hip","","",""
"","","","","","","","","","","","","","29468-80812:Lauri Markkanen","29468-80812","PF","Lauri","Lauri Markkanen","Markkanen","28.098551432291668","69","3500","CHI@ATL","CHI","ATL","O","Elbow","","",""
"","","","","","","","","","","","","","29468-58800:Daniel Hamilton","29468-58800","SG","Daniel","Daniel Hamilton","Hamilton","5.166666666666667","6","3500","CHI@ATL","ATL","CHI","","","","",""
"","","","","","","","","","","","","","29468-80818:TJ Leaf","29468-80818","PF","TJ","TJ Leaf","Leaf","4.199999809265137","2","3500","IND@CLE","IND","CLE","","","","",""
"","","","","","","","","","","","","","29468-80823:Tony Bradley","29468-80823","C","Tony","Tony Bradley","Bradley","2.5222223069932728","9","3500","UTA@NO","UTA","NO","","","","",""
"","","","","","","","","","","","","","29468-58295:D.J. Wilson","29468-58295","PF","D.J.","D.J. Wilson","Wilson","2.0681818181818183","22","3500","ORL@MIL","MIL","ORL","O","Hamstring","","",""
"","","","","","","","","","","","","","29468-80824:Frank Jackson","29468-80824","SG","Frank","Frank Jackson","Jackson","4","2","3500","UTA@NO","NO","UTA","","","","",""
"","","","","","","","","","","","","","29468-80826:Ike Anigbogu","29468-80826","PF","Ike","Ike Anigbogu","Anigbogu","3.200000047683716","1","3500","IND@CLE","IND","CLE","","","","",""
"","","","","","","","","","","","","","29468-17344:DJ Stephens","29468-17344","SF","DJ","DJ Stephens","Stephens","null","null","3500","PHO@MEM","MEM","PHO","","","","",""
"","","","","","","","","","","","","","29468-9678:Channing Frye","29468-9678","PF","Channing","Channing Frye","Frye","11.300000190734863","1","3500","IND@CLE","CLE","IND","","","","",""
"","","","","","","","","","","","","","29468-67025:Ivan Rabb","29468-67025","PF","Ivan","Ivan Rabb","Rabb","0","1","3500","PHO@MEM","MEM","PHO","","","","",""
"","","","","","","","","","","","","","29468-48598:Semi Ojeleye","29468-48598","SF","Semi","Semi Ojeleye","Ojeleye","1.649999976158142","4","3500","BOS@DET","BOS","DET","","","","",""
"","","","","","","","","","","","","","29468-85463:Joe Chealey","29468-85463","PG","Joe","Joe Chealey","Chealey","null","null","3500","CHA@PHI","CHA","PHI","","","","",""
"","","","","","","","","","","","","","29468-85467:Yante Maten","29468-85467","PF","Yante","Yante Maten","Maten","null","null","3500","POR@MIA","MIA","POR","","","","",""
"","","","","","","","","","","","","","29468-49115:Wayne Selden","29468-49115","SG","Wayne","Wayne Selden","Selden","10.5","4","3500","PHO@MEM","MEM","PHO","","","","",""
"","","","","","","","","","","","","","29468-97263:Drew Eubanks","29468-97263","PF","Drew","Drew Eubanks","Eubanks","2","2","3500","LAL@SA","SA","LAL","","","","",""
"","","","","","","","","","","","","","29468-9712:Jose Calderon","29468-9712","PG","Jose","Jose Calderon","Calderon","1.2000000476837158","1","3500","BOS@DET","DET","BOS","","","","",""